accession,search_cancer,n_samples,date,title,url
GSE306948,ESCA,6,2026/10/01,Transcriptomic Profiling of Esophageal Squamous Cell Carcinoma Cell ECA-109 after TUBB4A Knockdown,https://www.ncbi.nlm.nih.gov/geo/query/acc.cgi?acc=GSE306948
GSE346799,ESCA,4,2026/09/11,Tumor-intrinsic signatures of esophageal adenocarcinoma associate with cellular phenotypes and responses to therapy [snRNA-Seq],https://www.ncbi.nlm.nih.gov/geo/query/acc.cgi?acc=GSE346799
GSE306983,ESCA,6,2026/08/31,Histone H3K79 glutarylation as a novel epigenetic modification linking UV response to prognosis in esophageal squamous cell carcinoma [RNA-s,https://www.ncbi.nlm.nih.gov/geo/query/acc.cgi?acc=GSE306983
GSE305768,ESCA,9,2026/08/31,SMARCA5 links histone lactylation to metabolic reprogramming and immune evasion,https://www.ncbi.nlm.nih.gov/geo/query/acc.cgi?acc=GSE305768
GSE254660,ESCA,68,2026/08/26,Tumor-intrinsic signatures of esophageal adenocarcinoma associate with cellular phenotypes and responses to therapy,https://www.ncbi.nlm.nih.gov/geo/query/acc.cgi?acc=GSE254660
GSE283632,ESCA,12,2026/08/19,Linc01446 contributes to ferroptosis defence and progression of esophageal squamous cell carcinoma by regulating APEX1,https://www.ncbi.nlm.nih.gov/geo/query/acc.cgi?acc=GSE283632
GSE305345,ESCA,15,2026/08/14,LINE-1 ORF1p is a Shared and Immunogenic Antigen in Cancer,https://www.ncbi.nlm.nih.gov/geo/query/acc.cgi?acc=GSE305345
GSE342970,ESCA,12,2026/08/11,Chronic Reflux Stress Reshapes the EAC Transcriptional Landscape via APE1,https://www.ncbi.nlm.nih.gov/geo/query/acc.cgi?acc=GSE342970
GSE314906,ESCA,81,2026/08/10,CX3CR1⁺ CD8⁺ Cytotoxic T Cells Drive Tumor Killing in Esophageal Squamous Cell Carcinoma During Neoadjuvant Therapy,https://www.ncbi.nlm.nih.gov/geo/query/acc.cgi?acc=GSE314906
GSE342322,ESCA,36,2026/08/06,APE1-Mediated Transcriptional Reprogramming in Esophageal Adenocarcinoma Cells under Acidic Bile Reflux Stress,https://www.ncbi.nlm.nih.gov/geo/query/acc.cgi?acc=GSE342322
GSE342254,ESCA,6,2026/08/06,Transcriptional Remodeling of Esophageal Adenocarcinoma Cells Under Reflux Conditions,https://www.ncbi.nlm.nih.gov/geo/query/acc.cgi?acc=GSE342254
GSE304294,ESCA,11,2026/08/06,A TROP2-targeting ADC synergizes with oxidative phosphorylation inhibitor to enhance apoptosis in ESCC by suppressing the PI3K-AKT-mTOR sign,https://www.ncbi.nlm.nih.gov/geo/query/acc.cgi?acc=GSE304294
GSE342315,ESCA,6,2026/08/05,Transcriptional regulation of APE1-redox Axis in Esophageal adenocarcinoma,https://www.ncbi.nlm.nih.gov/geo/query/acc.cgi?acc=GSE342315
GSE336341,ESCA,6,2026/08/05,IGF2BP2 promotes esophageal squamous cell carcinoma progression through the PI3K/AKT signaling pathway,https://www.ncbi.nlm.nih.gov/geo/query/acc.cgi?acc=GSE336341
GSE329207,ESCA,12,2026/08/05,Targeting phosphatidylserine for tumor cell suppression [RNA-seq],https://www.ncbi.nlm.nih.gov/geo/query/acc.cgi?acc=GSE329207
GSE324866,ESCA,27,2026/08/01,1.Effects of L013 treatment on gene expression in KYSE150 and KYSE510 cells. 2. 5 Patient-derived organoids RNA-seq data,https://www.ncbi.nlm.nih.gov/geo/query/acc.cgi?acc=GSE324866
GSE305720,ESCA,20,2026/08/01,Multi-omics unveils GTSE1 promotes esophageal squamous cell carcinoma stemness via Hippo signaling pathway,https://www.ncbi.nlm.nih.gov/geo/query/acc.cgi?acc=GSE305720
GSE341700,ESCA,15,2026/07/28,Development and Preclinical Evaluation of Tetraspecific Antibodies  in Combination with Ex Vivo Expanded NK Cells Infusion for Improved Cont,https://www.ncbi.nlm.nih.gov/geo/query/acc.cgi?acc=GSE341700
GSE299160,ESCA,6,2026/07/14,To investigate NRF2 activation modulates cellular behaviors on mRNA expression in a human esophageal squamous cell carcinoma cell line (KYSE,https://www.ncbi.nlm.nih.gov/geo/query/acc.cgi?acc=GSE299160
GSE299159,ESCA,6,2026/07/14,To investigate NRF2 activation modulates cellular behaviors on mRNA expression in a human esophageal squamous cell carcinoma cell line (KYSE,https://www.ncbi.nlm.nih.gov/geo/query/acc.cgi?acc=GSE299159
GSE326216,ESCA,6,2026/07/06,Dual mechanisms of ADAR1 in regulating radiosensitivity in ESCC via pyroptosis through the cIAP2/NF-κB pathway and C16orf46 RNA editing,https://www.ncbi.nlm.nih.gov/geo/query/acc.cgi?acc=GSE326216
GSE330864,ESCA,67,2026/06/29,Transcriptional profiling in esophageal adenocarcinoma,https://www.ncbi.nlm.nih.gov/geo/query/acc.cgi?acc=GSE330864
GSE301253,ESCA,6,2026/06/22,Gene transcriptomics reveals that HOXC9 regulates the progression of Esophageal Squamous Cell Carcinoma,https://www.ncbi.nlm.nih.gov/geo/query/acc.cgi?acc=GSE301253
GSE234654,ESCA,57,2026/06/01,DDX6 reshapes the cancer RNA editome to suppress RNA-induced innate immunity,https://www.ncbi.nlm.nih.gov/geo/query/acc.cgi?acc=GSE234654
GSE234652,ESCA,21,2026/06/01,DDX6 reshapes the cancer RNA editome to suppress RNA-induced innate immunity [Bulk RNA-seq],https://www.ncbi.nlm.nih.gov/geo/query/acc.cgi?acc=GSE234652
GSE290744,ESCA,2,2026/05/27,KLF4 promotes a KRT13+ hillock-like state in squamous lung cancer [BEAS_RNA-seq],https://www.ncbi.nlm.nih.gov/geo/query/acc.cgi?acc=GSE290744
GSE300573,ESCA,4,2026/05/08,ETS1 Orchestrates a Hybrid EMT Program Driving in vivo Metastasis and Immune Evasion,https://www.ncbi.nlm.nih.gov/geo/query/acc.cgi?acc=GSE300573
GSE303217,ESCA,6,2026/04/23,Mutant TP53 hijacks RNA-splicing factor RBM28 to suppress double-strand RNA triggered antitumor immunity,https://www.ncbi.nlm.nih.gov/geo/query/acc.cgi?acc=GSE303217
GSE326337,ESCA,9,2026/04/04,Fusobacterium nucleatum FadA promotes the progression of esophageal squamous cell carcinoma through binding to TFRC,https://www.ncbi.nlm.nih.gov/geo/query/acc.cgi?acc=GSE326337
GSE293873,ESCA,12,2026/02/11,Amphiregulin and Epiregulin confer radioresistance in esophageal squamous cell carcinoma through oxidative phosphorylation,https://www.ncbi.nlm.nih.gov/geo/query/acc.cgi?acc=GSE293873
GSE289185,ESCA,29,2026/02/07,Safety and efficacy of neoadjuvant radiotherapy and immunotherapy in the treatment of esophageal squamous cell carcinoma,https://www.ncbi.nlm.nih.gov/geo/query/acc.cgi?acc=GSE289185
GSE312063,ESCA,88,2026/02/02,Characterization of esophageal squamous cell carcinoma cell lines sensitivity to Palbociclib,https://www.ncbi.nlm.nih.gov/geo/query/acc.cgi?acc=GSE312063
GSE293844,ESCA,24,2026/01/28,Obesity-associated TRIM15 promotes the proliferation of esophageal adenocarcinoma through the YY2/FOXRED1 axis,https://www.ncbi.nlm.nih.gov/geo/query/acc.cgi?acc=GSE293844
GSE316127,ESCA,30,2026/01/16,Chromosomal instability shapes the tumor microenvironment of esophageal adenocarcinoma via a cGAS–chemokine–myeloid axis,https://www.ncbi.nlm.nih.gov/geo/query/acc.cgi?acc=GSE316127
GSE316062,ESCA,9,2026/01/16,Chromosomal instability shapes the tumor microenvironment of esophageal adenocarcinoma via a cGAS–chemokine–myeloid axis [snRNA-Seq],https://www.ncbi.nlm.nih.gov/geo/query/acc.cgi?acc=GSE316062
GSE315942,ESCA,24,2026/01/16,Chromosomal instability shapes the tumor microenvironment of esophageal adenocarcinoma via a cGAS–chemokine–myeloid axis [RNA-seq],https://www.ncbi.nlm.nih.gov/geo/query/acc.cgi?acc=GSE315942
GSE308019,ESCA,9,2026/01/14,RNA-seq of control and  PARylator knockdown TE13 human esophageal squamous carcinoma cells,https://www.ncbi.nlm.nih.gov/geo/query/acc.cgi?acc=GSE308019
GSE272221,ESCA,4,2026/01/13,RNA-seq analysis of EpCAM-GFP and GFP overexpression in FLO-1 esophageal adenocarcinoma,https://www.ncbi.nlm.nih.gov/geo/query/acc.cgi?acc=GSE272221
GSE315097,ESCA,8,2026/01/01,Lactylation of HIF-1α at K172 drives HIF1 complex assemble to promote hypoxia-induced immune evasion in esophageal squamous cell carcinoma [,https://www.ncbi.nlm.nih.gov/geo/query/acc.cgi?acc=GSE315097
GSE299804,ESCA,2,2025/12/31,ECRG4 as a novel diagnostic plasma marker detected in the early phase of Alzheimer’s disease,https://www.ncbi.nlm.nih.gov/geo/query/acc.cgi?acc=GSE299804
GSE293553,ESCA,12,2025/12/17,RNA-seq of ESCC Cells  Overexpressed TFAP2β or its LLPS-deficient Mutants,https://www.ncbi.nlm.nih.gov/geo/query/acc.cgi?acc=GSE293553
GSE271390,ESCA,47,2025/12/08,Cell-free transcriptome of Barrett’s Esophagus and Esophageal Cancer [Illumina - short read],https://www.ncbi.nlm.nih.gov/geo/query/acc.cgi?acc=GSE271390
GSE271389,ESCA,47,2025/12/08,Cell-free transcriptome of Barrett’s Esophagus and Esophageal Cancer [Nanopore - long read],https://www.ncbi.nlm.nih.gov/geo/query/acc.cgi?acc=GSE271389
GSE308736,ESCA,3,2025/12/02,Single-cell transcriptomic analysis reveals epithelial and microenvironmental heterogeneity in small cell carcinoma of the esophagus,https://www.ncbi.nlm.nih.gov/geo/query/acc.cgi?acc=GSE308736
GSE311074,ESCA,6,2025/11/27,COPG1 Is a Selectively Essential Regulator  of Cancer Progression and Chemoresistance: A Comprehensive Pan-Cancer Study,https://www.ncbi.nlm.nih.gov/geo/query/acc.cgi?acc=GSE311074
GSE311675,ESCA,30,2025/11/26,SHIP2-PLK1 crosstalk promotes sensitivity to dual inhibition in esophageal squamous cell carcinoma,https://www.ncbi.nlm.nih.gov/geo/query/acc.cgi?acc=GSE311675
GSE311623,ESCA,10,2025/11/26,RNAseq profiling of eSCC human cell lines (KYSE-410 and KYSE-30) transfected with siRNA targeting INPPL1 (siSHIP2) ; and a non-targeting siR,https://www.ncbi.nlm.nih.gov/geo/query/acc.cgi?acc=GSE311623
GSE311620,ESCA,10,2025/11/26,RNAseq profiling of eSCC human cell line (KYSE-410) treated with pharmacological inhibitors of SHIP2,https://www.ncbi.nlm.nih.gov/geo/query/acc.cgi?acc=GSE311620
GSE309935,ESCA,8,2025/11/15,Multi-omic integration identifies mechanisms of Broad Drug Resistance and opportunities for therapeutic reprogramming cancer cells,https://www.ncbi.nlm.nih.gov/geo/query/acc.cgi?acc=GSE309935
GSE213241,ESCA,24,2025/11/05,Genetic vulnerabilitis study in VHL mutant cells,https://www.ncbi.nlm.nih.gov/geo/query/acc.cgi?acc=GSE213241
GSE216198,ESCA,8,2025/10/20,Gene expression profile of human gastroesophageal junction (GEJ) organoids TP53/CDKN2A KO,https://www.ncbi.nlm.nih.gov/geo/query/acc.cgi?acc=GSE216198
GSE309714,ESCA,4,2025/10/06,Acetate Triggers Epigenetic Activation of Cell Cycle Arrest via ACSS2-H2A.Zac Axis in Esophageal Squamous Cell Carcinoma [RNA-seq],https://www.ncbi.nlm.nih.gov/geo/query/acc.cgi?acc=GSE309714
GSE301311,ESCA,6,2025/09/30,"ZNF514 promotes esophageal cancer progression by enhancing cell proliferation, migration and invasion",https://www.ncbi.nlm.nih.gov/geo/query/acc.cgi?acc=GSE301311
GSE309393,ESCA,9,2025/09/29,Cancer-associated fibroblasts promote esophageal carcinogenesis and lung metastasis by CDH11-mediated extracellular matrix environment remod,https://www.ncbi.nlm.nih.gov/geo/query/acc.cgi?acc=GSE309393
GSE309392,ESCA,23,2025/09/29,Cancer-associated fibroblasts promote esophageal carcinogenesis and lung metastasis by CDH11-mediated extracellular matrix environment remod,https://www.ncbi.nlm.nih.gov/geo/query/acc.cgi?acc=GSE309392
GSE275269,ESCA,6,2025/08/20,Effect of depletion of RNH1 on gene expression in KYSE510 cell,https://www.ncbi.nlm.nih.gov/geo/query/acc.cgi?acc=GSE275269
GSE293591,ESCA,365,2025/08/06,Integrative Assessment of RNA-seq and IHC: Linking Tumor Biomarkers and Microenvironment,https://www.ncbi.nlm.nih.gov/geo/query/acc.cgi?acc=GSE293591
GSE273127,ESCA,11,2025/08/01,Comparative single-cell analysis of esophageal cancer subtypes reveals cellular distinctions explaining varied immunotherapy responses,https://www.ncbi.nlm.nih.gov/geo/query/acc.cgi?acc=GSE273127
GSE268689,ESCA,2,2025/08/01,Fusobacterium nucleatum-driven mitophagy facilitates endosymbiosis in macrophages and promotes esophageal squamous cell carcinoma metastasis,https://www.ncbi.nlm.nih.gov/geo/query/acc.cgi?acc=GSE268689
GSE299511,ESCA,6,2025/07/31,Effect of downregulated P4HA2 on gene expression during brachytherapy of KYSE30 cells,https://www.ncbi.nlm.nih.gov/geo/query/acc.cgi?acc=GSE299511
GSE273481,ESCA,6,2025/07/31,FAM134B deficiency in HK-2 cells,https://www.ncbi.nlm.nih.gov/geo/query/acc.cgi?acc=GSE273481
GSE256475,ESCA,16,2025/07/21,SOX2 Drives Esophageal Squamous Carcinoma by Reprogramming Lipid Metabolism and Histone Acetylation Landscape,https://www.ncbi.nlm.nih.gov/geo/query/acc.cgi?acc=GSE256475
GSE256474,ESCA,6,2025/07/21,SOX2 Drives Esophageal Squamous Carcinoma by Reprogramming Lipid Metabolism and Histone Acetylation Landscape (RNA-seq),https://www.ncbi.nlm.nih.gov/geo/query/acc.cgi?acc=GSE256474
GSE254244,ESCA,112,2025/06/16,Cancer cell type-specific derepression of transposable elements by inhibition of chromatin modifier enzymes,https://www.ncbi.nlm.nih.gov/geo/query/acc.cgi?acc=GSE254244
GSE254242,ESCA,99,2025/06/16,Cancer cell type-specific derepression of transposable elements by inhibition of chromatin modifier enzymes [RNA-Seq],https://www.ncbi.nlm.nih.gov/geo/query/acc.cgi?acc=GSE254242
GSE298632,ESCA,4,2025/06/06,SOX2 regulates foregut squamous epithelial homeostasis and is lost during Barrett’s esophagus development [scRNA-seq],https://www.ncbi.nlm.nih.gov/geo/query/acc.cgi?acc=GSE298632
GSE266330,ESCA,63,2025/05/27,Single cell profiling of bone metastasis ecosystems from multiple cancer types reveals convergent and divergent mechanisms of bone colonizat,https://www.ncbi.nlm.nih.gov/geo/query/acc.cgi?acc=GSE266330
GSE297369,ESCA,12,2025/05/23,The effect of knockdown FAM111B on mRNA expression in human hepatocellular carcinoma cells,https://www.ncbi.nlm.nih.gov/geo/query/acc.cgi?acc=GSE297369
GSE284372,ESCA,4,2025/05/12,NUDT21 lactylation reprograms alternative polyadenylation to promote cuproptosis resistance,https://www.ncbi.nlm.nih.gov/geo/query/acc.cgi?acc=GSE284372
GSE203067,ESCA,21,2025/05/08,Single-Cell Transcriptomic Analysis of Primary and Metastatic Tumor Ecosystems in Esophageal Squamous Cell Carcinoma,https://www.ncbi.nlm.nih.gov/geo/query/acc.cgi?acc=GSE203067
GSE292675,ESCA,6,2025/04/01,Targeting LTBP2 Derived from Cancer-Associated Fibroblasts Sensitizes Esophageal Squamous Cell Carcinoma to Chemotherapy,https://www.ncbi.nlm.nih.gov/geo/query/acc.cgi?acc=GSE292675
GSE220108,ESCA,5,2025/03/29,FAO-fueled OXPHOS and NRF2-mediated stress resilience in MICs drive lymph node metastasis,https://www.ncbi.nlm.nih.gov/geo/query/acc.cgi?acc=GSE220108
GSE292971,ESCA,107,2025/03/27,"Concerted epithelial and stromal changes during progression of Barrett’s Esophagus to invasive adenocarcinoma exposed by multi-scale, multi-",https://www.ncbi.nlm.nih.gov/geo/query/acc.cgi?acc=GSE292971
GSE273463,ESCA,40,2025/03/26,Mapping EGFR-mediated local invasion and response to Cetuximab in head and neck cancer,https://www.ncbi.nlm.nih.gov/geo/query/acc.cgi?acc=GSE273463
GSE291098,ESCA,10,2025/03/21,RNA Transcripts Serve as a Template for Double-Strand Break Repair in Human Cells,https://www.ncbi.nlm.nih.gov/geo/query/acc.cgi?acc=GSE291098
GSE291375,ESCA,6,2025/03/18,Expression data of circTMEM45A knockdown in KYSE-150 cell line,https://www.ncbi.nlm.nih.gov/geo/query/acc.cgi?acc=GSE291375
GSE291080,ESCA,45,2025/03/05,"Clonal cell states link gastroesophageal junction tissues, metaplasia, and cancer [scRNA-seq]",https://www.ncbi.nlm.nih.gov/geo/query/acc.cgi?acc=GSE291080
GSE263439,ESCA,6,2025/03/05,High mobility group A1 (HMGA1) promotes esophageal squamous cell carcinoma progression by inhibiting STING-mediated anti-tumor immunity ,https://www.ncbi.nlm.nih.gov/geo/query/acc.cgi?acc=GSE263439
GSE290554,ESCA,94,2025/02/26,Mapping the Molecular Signature of Progressive Multiple Sclerosis,https://www.ncbi.nlm.nih.gov/geo/query/acc.cgi?acc=GSE290554
GSE290552,ESCA,16,2025/02/26,Mapping the Molecular Signature of Progressive Multiple Sclerosis [197191],https://www.ncbi.nlm.nih.gov/geo/query/acc.cgi?acc=GSE290552
GSE290450,ESCA,78,2025/02/26,Mapping the Molecular Signature of Progressive Multiple Sclerosis [194017],https://www.ncbi.nlm.nih.gov/geo/query/acc.cgi?acc=GSE290450
GSE269447,ESCA,20,2025/02/25,Gene expression analysis of organoid model of human esophageal squamous cell carcinomas (ESCCs),https://www.ncbi.nlm.nih.gov/geo/query/acc.cgi?acc=GSE269447
GSE290209,ESCA,6,2025/02/21,RNA-seq analysis of differentially expressed genes between WT and KD ZC3H18 KYSE150/ECA109 cells.,https://www.ncbi.nlm.nih.gov/geo/query/acc.cgi?acc=GSE290209
GSE275730,ESCA,12,2025/02/14,Gene expression analysis of human esophageal cancer cells co-cultured with Fusobacterium nucleatum,https://www.ncbi.nlm.nih.gov/geo/query/acc.cgi?acc=GSE275730
GSE288541,ESCA,18,2025/02/07,Amprenavir Mitigates Pepsin-Induced Transcriptomic Changes in Normal and Precancerous Esophageal Cells,https://www.ncbi.nlm.nih.gov/geo/query/acc.cgi?acc=GSE288541
GSE287855,ESCA,40,2025/01/27,"Clonal cell states link gastroesophageal junction tissues, metaplasia, and cancer [MAESTER]",https://www.ncbi.nlm.nih.gov/geo/query/acc.cgi?acc=GSE287855
GSE285916,ESCA,12,2025/01/11,Nuclear ANLN regulates transcription initiation related Pol II clustering and target gene expression [RNA-Seq],https://www.ncbi.nlm.nih.gov/geo/query/acc.cgi?acc=GSE285916
GSE192338,ESCA,3,2024/12/21,RNA-seq analysis in esophageal squamous cell carcinoma (ESCC) cell line KYSE510,https://www.ncbi.nlm.nih.gov/geo/query/acc.cgi?acc=GSE192338
GSE201404,ESCA,10,2024/12/18,Ivermectin inhibits the growth of esophageal squamous cell carcinoma by activating ATF4-mediated endoplasmic reticulum stress-autophagy path,https://www.ncbi.nlm.nih.gov/geo/query/acc.cgi?acc=GSE201404
GSE262648,ESCA,24,2024/12/16,The tumor immune microenvironment and therapeutic efficacy of trastuzumab deruxtecan in gastric cancer,https://www.ncbi.nlm.nih.gov/geo/query/acc.cgi?acc=GSE262648
GSE283031,ESCA,9,2024/12/09,Gene transcriptomics reveals that PAK5 regulates the pathogenesis of Esophageal Squamous Cell Carcinoma,https://www.ncbi.nlm.nih.gov/geo/query/acc.cgi?acc=GSE283031
GSE225645,ESCA,12,2024/12/01,Hypoxia-induced gene expression profiling of esophageal cancer cell lines,https://www.ncbi.nlm.nih.gov/geo/query/acc.cgi?acc=GSE225645
GSE282588,ESCA,2,2024/11/27,CHI-KAT8i5 suppresses ESCC tumor growth through inhibiting KAT8 mediate c-Myc stability,https://www.ncbi.nlm.nih.gov/geo/query/acc.cgi?acc=GSE282588
GSE252141,ESCA,6,2024/11/27,Effect of depletion of NEDD4L on gene expression in EC9706 esophageal squamous cell carcinoma cells,https://www.ncbi.nlm.nih.gov/geo/query/acc.cgi?acc=GSE252141
GSE268424,ESCA,5,2024/10/24,Effect of overexpression or knockdown of trophoblast-related gene GPRC5A on migration and invasion of esophageal squamous cell carcinoma,https://www.ncbi.nlm.nih.gov/geo/query/acc.cgi?acc=GSE268424
GSE185617,ESCA,24,2024/10/10,Long non-coding RNA LINC00680 functions as a ceRNA to promote esophageal squamous cell carcinoma progression through the miR-423-5p/PAK6 axi,https://www.ncbi.nlm.nih.gov/geo/query/acc.cgi?acc=GSE185617
GSE261202,ESCA,6,2024/10/09,The molecular mechanism and clinical significance of IGF2BP3 in adenocarcinoma of the esophagogastric junction [RNA-seq],https://www.ncbi.nlm.nih.gov/geo/query/acc.cgi?acc=GSE261202
GSE261201,ESCA,4,2024/10/09,The molecular mechanism and clinical significance of IGF2BP3 in adenocarcinoma of the esophagogastric junction [meRIP-seq],https://www.ncbi.nlm.nih.gov/geo/query/acc.cgi?acc=GSE261201
GSE261200,ESCA,4,2024/10/09,The molecular mechanism and clinical significance of IGF2BP3 in adenocarcinoma of the esophagogastric junction [RIP-seq],https://www.ncbi.nlm.nih.gov/geo/query/acc.cgi?acc=GSE261200
GSE248518,ESCA,8,2024/10/01,RNA-seq analysis of chemotherapy resistance in esophageal squamous cell carcinoma,https://www.ncbi.nlm.nih.gov/geo/query/acc.cgi?acc=GSE248518
GSE277147,ESCA,8,2024/09/20,Patient-Derived Tumor Organoid and Fibroblast Assembloid Models for interrogation of the tumor microenvironment in Esophageal Adenocarcinoma,https://www.ncbi.nlm.nih.gov/geo/query/acc.cgi?acc=GSE277147
GSE256360,ESCA,6,2024/09/09,SPP1 represents a therapeutic target that promotes the progression of esophageal squamous cell carcinoma by driving M2 macrophage infiltrati,https://www.ncbi.nlm.nih.gov/geo/query/acc.cgi?acc=GSE256360
GSE275621,ESCA,4,2024/09/01,Effects of neobractatin and trametinib on gene expression in pancreatic cancer cells,https://www.ncbi.nlm.nih.gov/geo/query/acc.cgi?acc=GSE275621
GSE249058,ESCA,7,2024/08/21,Identification and characterization of metastasis-initiating cells in esophageal squamous cell carcinoma in a pulmonary metastasis mouse mod,https://www.ncbi.nlm.nih.gov/geo/query/acc.cgi?acc=GSE249058
GSE249057,ESCA,5,2024/08/21,Identification and characterization of metastasis-initiating cells in esophageal squamous cell carcinoma in a pulmonary metastasis mouse mod,https://www.ncbi.nlm.nih.gov/geo/query/acc.cgi?acc=GSE249057
GSE249056,ESCA,2,2024/08/21,Identification and characterization of metastasis-initiating cells in esophageal squamous cell carcinoma in a pulmonary metastasis mouse mod,https://www.ncbi.nlm.nih.gov/geo/query/acc.cgi?acc=GSE249056
GSE182090,ESCA,12,2024/08/10,RNA-sequencing assay to Identify Genes Promoting Lung Metastasis of Esophageal Squamous Cell Carcinoma (ESCC) Cells,https://www.ncbi.nlm.nih.gov/geo/query/acc.cgi?acc=GSE182090
GSE273848,ESCA,40,2024/08/02,Definition of a multi-omics signature for Esophageal Adenocarcinoma prognosis prediction [totalRNA-seq],https://www.ncbi.nlm.nih.gov/geo/query/acc.cgi?acc=GSE273848
GSE273847,ESCA,5,2024/08/02,Definition of a multi-omics signature for Esophageal Adenocarcinoma prognosis prediction [scRNA-seq],https://www.ncbi.nlm.nih.gov/geo/query/acc.cgi?acc=GSE273847
GSE242463,ESCA,24,2024/07/26,Epigenetic regulation of p63 blocks squamous-to-neuroendocrine transdifferentiation in esophageal development and malignancy [RNAseq_ip63],https://www.ncbi.nlm.nih.gov/geo/query/acc.cgi?acc=GSE242463
GSE242439,ESCA,9,2024/07/26,Epigenetic regulation of p63 blocks squamous-to-neuroendocrine transdifferentiation in esophageal development and malignancy [RNAseq_Ezh2i],https://www.ncbi.nlm.nih.gov/geo/query/acc.cgi?acc=GSE242439
GSE242464,ESCA,53,2024/07/25,Epigenetic regulation of p63 blocks squamous-to-neuroendocrine transdifferentiation in esophageal development and malignancy,https://www.ncbi.nlm.nih.gov/geo/query/acc.cgi?acc=GSE242464
GSE238119,ESCA,8,2024/07/20,The MLL3/GRHL2 complex regulates early malignant transformation and anti-tumor immunity in squamous cancer,https://www.ncbi.nlm.nih.gov/geo/query/acc.cgi?acc=GSE238119
GSE238118,ESCA,6,2024/07/20,The MLL3/GRHL2 complex regulates early malignant transformation and anti-tumor immunity in squamous cancer [RNA-seq],https://www.ncbi.nlm.nih.gov/geo/query/acc.cgi?acc=GSE238118
GSE253064,ESCA,32,2024/07/16,Nucleocytoplasmic β‐Catenin expression contributes to neuroendocrine differentiation in muscle invasive bladder cancer,https://www.ncbi.nlm.nih.gov/geo/query/acc.cgi?acc=GSE253064
GSE243988,ESCA,14,2024/07/03,"A novel, druggable casacade links methionine metabolism to epigenomic reprogramming in squamous cancer",https://www.ncbi.nlm.nih.gov/geo/query/acc.cgi?acc=GSE243988
GSE179757,ESCA,8,2024/07/03,"The mechanism of circ-ARAP2 regulation of tumor EMT and stem cell differentiation affecting proliferation, invasion and chemotherapy resista",https://www.ncbi.nlm.nih.gov/geo/query/acc.cgi?acc=GSE179757
GSE249813,ESCA,6,2024/06/02,ALDH18A1promotes the tumor progression of esophageal cancer by binding to and regulating genes associated with tumorigenesis [RNA-Seq],https://www.ncbi.nlm.nih.gov/geo/query/acc.cgi?acc=GSE249813
GSE254946,ESCA,174,2024/05/25,Esophageal adenocarcinoma,https://www.ncbi.nlm.nih.gov/geo/query/acc.cgi?acc=GSE254946
GSE255352,ESCA,16,2024/05/22,Hypoxia promotes histone H3K9 lactylation to enhance LAMC2 transcription in esophageal squamous cell carcinoma,https://www.ncbi.nlm.nih.gov/geo/query/acc.cgi?acc=GSE255352
GSE254942,ESCA,106,2024/05/15,The pluripotency factor NANOG contributes to mesenchymal plasticity and is predictive for outcome in esophageal adenocarcinoma,https://www.ncbi.nlm.nih.gov/geo/query/acc.cgi?acc=GSE254942
GSE264221,ESCA,6,2024/05/09,Radiation-induced upregulation of FGL1 promotes esophageal squamous cell carcinoma metastasis via IMPDH1,https://www.ncbi.nlm.nih.gov/geo/query/acc.cgi?acc=GSE264221
GSE264079,ESCA,9,2024/04/22,The effect of EZH2 knockdown on gene expression in KDM6A-deficient KYSE180 cells following exposure to ionizing radiation [RNA-seq],https://www.ncbi.nlm.nih.gov/geo/query/acc.cgi?acc=GSE264079
GSE173164,ESCA,8,2024/04/22,To investigate the effects of NRF2 inhibitors (pyrimethamine and mitoxantrone) on gene expression in a human esophageal squamous cell carcin,https://www.ncbi.nlm.nih.gov/geo/query/acc.cgi?acc=GSE173164
GSE263647,ESCA,12,2024/04/15,Whole transcriptome sequencing of 6 pairs of esophageal squamous cell carcinoma and paracancerous tissues,https://www.ncbi.nlm.nih.gov/geo/query/acc.cgi?acc=GSE263647
GSE232467,ESCA,6,2024/04/09,Single-cell Transcriptomic Analysis Reveals Landscape of Epithelial-Mesenchymal Transition Molecular Heterogeneity in Esophageal Squamous Ce,https://www.ncbi.nlm.nih.gov/geo/query/acc.cgi?acc=GSE232467
GSE242287,ESCA,4,2024/03/20,NSUN6 is a prognostic indicator and therapeutic target in esophageal squamous cell carcinoma,https://www.ncbi.nlm.nih.gov/geo/query/acc.cgi?acc=GSE242287
GSE169337,ESCA,8,2024/03/01,Identification of differentially expressed genes in cisplatin-resistant and parental esophageal squamous cell carcinoma cells,https://www.ncbi.nlm.nih.gov/geo/query/acc.cgi?acc=GSE169337
GSE236847,ESCA,6,2024/02/28,Epigenomic Analyses Identify FOXM1 As a Key Regulator of Anti-Tumor Immune Response in Esophageal Adenocarcinoma,https://www.ncbi.nlm.nih.gov/geo/query/acc.cgi?acc=GSE236847
GSE256301,ESCA,2,2024/02/23,Mutational signature-based identification of DNA repair deficient gastroesophageal adenocarcinomas for therapeutic targeting,https://www.ncbi.nlm.nih.gov/geo/query/acc.cgi?acc=GSE256301
GSE234304,ESCA,44,2024/02/07,Co-enrichment of cancer-associated bacterial taxa is correlated with immune cell infiltrates in esophageal tumor tissue,https://www.ncbi.nlm.nih.gov/geo/query/acc.cgi?acc=GSE234304
GSE254232,ESCA,10,2024/01/31,The impact of knocking down METTL3 and METTL14 on the gene expression profile of EC109 esophageal squamous cell carcinoma cells.,https://www.ncbi.nlm.nih.gov/geo/query/acc.cgi?acc=GSE254232
GSE231539,ESCA,18,2024/01/22,Tumor-infiltrating Monocytic Myeloid-derived suppressor cells play a key role in forming immunosuppressive microenvironment in  human gastri,https://www.ncbi.nlm.nih.gov/geo/query/acc.cgi?acc=GSE231539
GSE231540,ESCA,40,2024/01/19,Tumor-infiltrating monocytic myeloid-derived suppressor cells contribute to the development of an immunosuppressive tumor microenvironment i,https://www.ncbi.nlm.nih.gov/geo/query/acc.cgi?acc=GSE231540
GSE250323,ESCA,6,2024/01/15,A novel regulator of the PI3K/AKT pathway encoded by circ-PDE5A inhibits esophageal squamous carcinoma progression by promoting USP14-mediat,https://www.ncbi.nlm.nih.gov/geo/query/acc.cgi?acc=GSE250323
GSE253152,ESCA,6,2024/01/12,The Ig superfamily ligand B7H6 subjects T cell responses to NK cell surveillance,https://www.ncbi.nlm.nih.gov/geo/query/acc.cgi?acc=GSE253152
GSE241066,ESCA,9,2024/01/09,USP10-mediated MOF (KAT8) stabilization accelerates the malignant progression of esophageal squamous cell carcinoma via epigenetically activ,https://www.ncbi.nlm.nih.gov/geo/query/acc.cgi?acc=GSE241066
GSE219008,ESCA,9,2024/01/04,Cleavage of the pseudoprotease iRhom2 by the signal peptidase complex reveals an ER-to-nucleus signalling pathway,https://www.ncbi.nlm.nih.gov/geo/query/acc.cgi?acc=GSE219008
GSE245051,ESCA,6,2024/01/01,Oseltamivir enhances 5-FU sensitivity in esophageal squamous carcinoma with high SPNS1,https://www.ncbi.nlm.nih.gov/geo/query/acc.cgi?acc=GSE245051
GSE235538,ESCA,38,2024/01/01,The dysregulated inclusion of BOLA3 exon 3 promoted by HNRNPC accelerates the progression of esophageal squamous cell carcinoma in esophagea,https://www.ncbi.nlm.nih.gov/geo/query/acc.cgi?acc=GSE235538
GSE235537,ESCA,22,2024/01/01,The aberrant inclusion of BOLA3 exon 3 promoted by HNRNPC acts as an oncogenic driver in esophageal squamous cell carcinoma [11pairs RNA-seq,https://www.ncbi.nlm.nih.gov/geo/query/acc.cgi?acc=GSE235537
GSE235536,ESCA,8,2024/01/01,The aberrant inclusion of BOLA3 exon 3 promoted by HNRNPC acts as an oncogenic driver in esophageal squamous cell carcinoma [shHNRNPC RNA-se,https://www.ncbi.nlm.nih.gov/geo/query/acc.cgi?acc=GSE235536
GSE235535,ESCA,8,2024/01/01,The aberrant inclusion of BOLA3 exon 3 promoted by HNRNPC acts as an oncogenic driver in esophageal squamous cell carcinoma [shBOLA3-L RNA-s,https://www.ncbi.nlm.nih.gov/geo/query/acc.cgi?acc=GSE235535
GSE222553,ESCA,16,2024/01/01,Investigating iRhom2-associated transcriptional changes in Tylosis with Esophageal Cancer,https://www.ncbi.nlm.nih.gov/geo/query/acc.cgi?acc=GSE222553
GSE251990,ESCA,22,2023/12/27,"Concerted epithelial and stromal changes during progression of Barret’s Esophagus to invasive adenocarcinoma exposed by multi-scale, multi-o",https://www.ncbi.nlm.nih.gov/geo/query/acc.cgi?acc=GSE251990
GSE229393,ESCA,4,2023/12/05,The mechanism of oncogenomic function of androgen receptor induced UGT2B15 in esophageal squamous cell carcinoma,https://www.ncbi.nlm.nih.gov/geo/query/acc.cgi?acc=GSE229393
GSE193919,ESCA,2,2023/12/01,RBM4 regulates esophageal cancer progression,https://www.ncbi.nlm.nih.gov/geo/query/acc.cgi?acc=GSE193919
GSE240918,ESCA,15,2023/10/27,Engineered hydrogel reveals contribution of matrix mechanics to esophageal adenocarcinoma and identifies matrix-activated therapeutic target,https://www.ncbi.nlm.nih.gov/geo/query/acc.cgi?acc=GSE240918
GSE230383,ESCA,12,2023/10/27,Engineered hydrogel reveals contribution of matrix mechanics to esophageal adenocarcinoma and identifies matrix-activated therapeutic target,https://www.ncbi.nlm.nih.gov/geo/query/acc.cgi?acc=GSE230383
GSE160222,ESCA,3,2023/10/27,Next-Generation Sequencing Facilitates Quantitative Analysis of Wild Type and SNORD12B  Knock Down Expression of ESCC Transcriptomes.,https://www.ncbi.nlm.nih.gov/geo/query/acc.cgi?acc=GSE160222
GSE235587,ESCA,12,2023/10/12,To investigate the effects of NRF2 inhibitors (pyrimethamine and mitoxantrone) on mRNA expression in a human esophageal squamous cell carcin,https://www.ncbi.nlm.nih.gov/geo/query/acc.cgi?acc=GSE235587
GSE241474,ESCA,21,2023/10/04,A genetically engineered mouse model (GEMM) of NUT carcinoma (RNA-Seq),https://www.ncbi.nlm.nih.gov/geo/query/acc.cgi?acc=GSE241474
GSE213565,ESCA,20,2023/09/09,Transcriptional Characterization of Early Esophageal Squamous Cell Carcinoma,https://www.ncbi.nlm.nih.gov/geo/query/acc.cgi?acc=GSE213565
GSE226192,ESCA,8,2023/09/03,Development and Validation of a Comprehensive Analysis of the Competing Endogenous CircRNA/miRNA/mRNA Network for Identification of Immune-R,https://www.ncbi.nlm.nih.gov/geo/query/acc.cgi?acc=GSE226192
GSE157373,ESCA,6,2023/09/02,Integrative analysis of differential circular RNA and long noncoding RNA profiles and associated competing endogenous RNA networks in esopha,https://www.ncbi.nlm.nih.gov/geo/query/acc.cgi?acc=GSE157373
GSE209524,ESCA,,2023/08/31,Enhancement of anti-tumor immunity by tertiary lymphoid structures in esophageal squamous cell carcinoma,https://www.ncbi.nlm.nih.gov/geo/query/acc.cgi?acc=GSE209524
GSE212890,ESCA,47,2023/08/22,A Pan-Cancer Single Cell Panorama of Natural Killer Cells,https://www.ncbi.nlm.nih.gov/geo/query/acc.cgi?acc=GSE212890
GSE156585,ESCA,2,2023/08/21,Tumor fibroblast-derived FGF2 regulates SPRY1 expression in esophageal tumor-infiltrating T cells and plays a role in T cell exhaustion,https://www.ncbi.nlm.nih.gov/geo/query/acc.cgi?acc=GSE156585
GSE221561,ESCA,11,2023/08/14,Comprehensive Landscape of Resistance Mechanisms for Neoadjuvant Therapy in Esophageal Squamous Cell Carcinoma by single-cell Transcriptomic,https://www.ncbi.nlm.nih.gov/geo/query/acc.cgi?acc=GSE221561
GSE205623,ESCA,4,2023/08/01,Elafin as a Prognostic Marker in Esophageal Squamous Cell Carcinoma: A Pilot Study using Three-Dimensional Imag-ing and Genomic Profiling,https://www.ncbi.nlm.nih.gov/geo/query/acc.cgi?acc=GSE205623
GSE203115,ESCA,12,2023/07/07,Intra-tumoural Microbiota Remodels the Tumour Immune,https://www.ncbi.nlm.nih.gov/geo/query/acc.cgi?acc=GSE203115
GSE222917,ESCA,5,2023/06/01,Effect of Fusobacterium nucleatum (Fn) infection or Fn-Dps treatment on gene expression of esophageal carcinoma Kyse150 and Kyse30 cells,https://www.ncbi.nlm.nih.gov/geo/query/acc.cgi?acc=GSE222917
GSE232107,ESCA,184,2023/05/23,scRNA-seq analysis of colon and esophageal tumors uncovers abundant microbial reads in myeloid cells undergoing proinflammatory transcriptio,https://www.ncbi.nlm.nih.gov/geo/query/acc.cgi?acc=GSE232107
GSE199619,ESCA,7,2023/05/17,Single-cell transcriptome analysis reveals functional changes in tumor-infiltrating B lymphocytes after chemotherapy in esophageal squamous ,https://www.ncbi.nlm.nih.gov/geo/query/acc.cgi?acc=GSE199619
GSE229974,ESCA,6,2023/05/01,Different gene expression in cisplatin chemo-resistant or sensitive of esophageal squamous carcinoma patients.,https://www.ncbi.nlm.nih.gov/geo/query/acc.cgi?acc=GSE229974
GSE229973,ESCA,24,2023/05/01,Effect of cisplatin in depletion MAGEA6 expression  of esophageal cancer cells,https://www.ncbi.nlm.nih.gov/geo/query/acc.cgi?acc=GSE229973
GSE220613,ESCA,6,2023/04/26,Effect of depletion of RBM4 on gene expression of esophageal squamous cell carcinoma cell KYSE150,https://www.ncbi.nlm.nih.gov/geo/query/acc.cgi?acc=GSE220613
GSE209942,ESCA,8,2023/04/07,Transcriptomes Analysis of LHX2-knockdown in KYSE30 and KYSE510 cells,https://www.ncbi.nlm.nih.gov/geo/query/acc.cgi?acc=GSE209942
GSE209521,ESCA,12,2023/04/01,RNA sequencing analysis of OTUD6B-knockdown KYSE30 cells,https://www.ncbi.nlm.nih.gov/geo/query/acc.cgi?acc=GSE209521
GSE200714,ESCA,4,2023/04/01,Effect of depletion of NUP153 on gene expression in esophageal squamous cell carcinoma cell line TE5 cells [RNA-seq],https://www.ncbi.nlm.nih.gov/geo/query/acc.cgi?acc=GSE200714
GSE207721,ESCA,9,2023/03/31,KDM2A plays a dual role in regulating the expression of malignancy-related genes in esophageal squamous cell carcinoma,https://www.ncbi.nlm.nih.gov/geo/query/acc.cgi?acc=GSE207721
GSE197677,ESCA,30,2023/03/31,Single cell RNA-sequence reveals the effect of neoadjuvant chemotherapy on immune cells in human esophageal squamous cell carcinoma.,https://www.ncbi.nlm.nih.gov/geo/query/acc.cgi?acc=GSE197677
GSE227127,ESCA,7,2023/03/17,Diclofenac inhibits esophageal squamous cell carcinoma through suppression of metabolic pathways and activation of p53 signaling,https://www.ncbi.nlm.nih.gov/geo/query/acc.cgi?acc=GSE227127
GSE215307,ESCA,375,2023/03/01,Cancer-Associated Fibroblasts are the Main Source of Epithelial-to-Mesenchymal Signaling in the Tumor Microenvironment,https://www.ncbi.nlm.nih.gov/geo/query/acc.cgi?acc=GSE215307
GSE222078,ESCA,10,2023/02/28,The single cell transcriptional landscape of esophageal adenocarcinoma and its modulation by neoadjuvant chemotherapy,https://www.ncbi.nlm.nih.gov/geo/query/acc.cgi?acc=GSE222078
GSE146195,ESCA,2,2023/02/28,SNORA42 Promote Oesophageal Squamous Cell Carcinoma Development through interacting with DHX9,https://www.ncbi.nlm.nih.gov/geo/query/acc.cgi?acc=GSE146195
GSE218491,ESCA,114,2023/02/20,Genome-wide CRISPR/Cas9 Screens Reveal Shared and Bespoke Mechanisms of Resistance to SHP2 Inhibition,https://www.ncbi.nlm.nih.gov/geo/query/acc.cgi?acc=GSE218491
GSE225131,ESCA,16,2023/02/16,NAT10 mediated ac4C tRNA modification promotes EGFR mRNA translation and gefitinib resistance in cancers,https://www.ncbi.nlm.nih.gov/geo/query/acc.cgi?acc=GSE225131
GSE196756,ESCA,6,2023/02/14,"Profiling transcriptional heterogeneity of epithelium, fibroblasts and immune cells in esophageal squamous cell carcinoma by single-cell RNA",https://www.ncbi.nlm.nih.gov/geo/query/acc.cgi?acc=GSE196756
GSE201735,ESCA,12,2023/01/11,CDCA7 promotes TGF-β-induced epithelial-mesenchymal transition via transcriptionally regulating Smad4/Smad7 in ESCC,https://www.ncbi.nlm.nih.gov/geo/query/acc.cgi?acc=GSE201735
GSE210647,ESCA,29,2023/01/08,Increased PXR and suppressed T-cell signaling are associated with malignant degeneration of Barrett’s esophagus,https://www.ncbi.nlm.nih.gov/geo/query/acc.cgi?acc=GSE210647
GSE207526,ESCA,120,2023/01/08,Identification of novel molecular subgroups in esophageal adenocarcinoma to predict response to neo-adjuvant therapies,https://www.ncbi.nlm.nih.gov/geo/query/acc.cgi?acc=GSE207526
GSE206845,ESCA,6,2023/01/04,"Effect of depletion of USP36 on gene expression of ECA109 cells, esophageal squamous cell carcinoma cell line.",https://www.ncbi.nlm.nih.gov/geo/query/acc.cgi?acc=GSE206845
GSE141781,ESCA,12,2022/12/10,The protumor function of UHRF1 is linked to both the Akt signaling cascade and the epithelial-mesenchymal transition in esophageal cancer,https://www.ncbi.nlm.nih.gov/geo/query/acc.cgi?acc=GSE141781
GSE219044,ESCA,15,2022/12/02,Elevated methionine flux drives pyroptosis evasion in persister cancer cells,https://www.ncbi.nlm.nih.gov/geo/query/acc.cgi?acc=GSE219044
GSE192734,ESCA,6,2022/12/01,MAFB promotes the malignant phenotypes by IGFBP6 in esophageal squamous cell carcinomas,https://www.ncbi.nlm.nih.gov/geo/query/acc.cgi?acc=GSE192734
GSE199630,ESCA,28,2022/11/02,A novel gene expression signatures associated with the response to concomitant chemo-radiation therapy in patients with esophageal squamous ,https://www.ncbi.nlm.nih.gov/geo/query/acc.cgi?acc=GSE199630
GSE216537,ESCA,8,2022/11/01,Novel Therapeutic Strategies Exploiting Unique Properties of Neuroendocrine Tumors,https://www.ncbi.nlm.nih.gov/geo/query/acc.cgi?acc=GSE216537
GSE200421,ESCA,84,2022/10/26,A Transcriptomic Map of EGFR-induced Epithelial-to-Mesenchymal Transition Identifies Prognostic and Therapeutic Targets for Head and Neck Ca,https://www.ncbi.nlm.nih.gov/geo/query/acc.cgi?acc=GSE200421
GSE206246,ESCA,6,2022/10/25,Research on mechanisms of miR-27a-3p on  Cisplatin sensitivity of hepatocellular carcinoma based on next generation sequencing,https://www.ncbi.nlm.nih.gov/geo/query/acc.cgi?acc=GSE206246
GSE184654,ESCA,12,2022/10/17,Estrogen related receptor alpha drives mitochondrial biogenesis and resistance to neoadjuvant chemoradiation in esophageal cancer,https://www.ncbi.nlm.nih.gov/geo/query/acc.cgi?acc=GSE184654
GSE172001,ESCA,20,2022/09/19,Soybean derived phosphatidylserine synthetically targets OTUB2 epigenetic silencing in squamous cell carcinoma,https://www.ncbi.nlm.nih.gov/geo/query/acc.cgi?acc=GSE172001
GSE168344,ESCA,170,2022/09/09,Epigenetic crosstalk,https://www.ncbi.nlm.nih.gov/geo/query/acc.cgi?acc=GSE168344
GSE212662,ESCA,6,2022/09/07,RNA-seq of Eca109 cells.,https://www.ncbi.nlm.nih.gov/geo/query/acc.cgi?acc=GSE212662
GSE212200,ESCA,6,2022/08/31,RNA-sequencing assay to Identify changed gene expression in esophageal squamous cell carcinoma (ESCC) cells with RAB23 knockdown,https://www.ncbi.nlm.nih.gov/geo/query/acc.cgi?acc=GSE212200
GSE211439,ESCA,24,2022/08/20,Plasmodium falciparum and TNF-a Differentially Regulate Inflammatory and Barrier Integrity Pathways in Human Brain Endothelial Cells,https://www.ncbi.nlm.nih.gov/geo/query/acc.cgi?acc=GSE211439
GSE193946,ESCA,57,2022/08/17,Isoform switching events in Barrett's Esophagus and esophageal adenocarcinoma,https://www.ncbi.nlm.nih.gov/geo/query/acc.cgi?acc=GSE193946
GSE188405,ESCA,90,2022/08/17,A cis-regulatory lexicon of DNA motif combinations mediating cell type-specific gene regulation,https://www.ncbi.nlm.nih.gov/geo/query/acc.cgi?acc=GSE188405
GSE186947,ESCA,36,2022/08/17,A cis-regulatory lexicon of DNA motif combinations mediating cell type-specific gene regulation [RNA-Seq],https://www.ncbi.nlm.nih.gov/geo/query/acc.cgi?acc=GSE186947
GSE183635,ESCA,2351,2022/08/05,Detection and localization of early- and late-stage cancers using tumor-educated platelet RNA,https://www.ncbi.nlm.nih.gov/geo/query/acc.cgi?acc=GSE183635
GSE209582,ESCA,13,2022/07/25,Chloroquine enhances the effectiveness of 5 Fluorouracil in esophageal squamous cell carcinoma via activation of p53 signaling,https://www.ncbi.nlm.nih.gov/geo/query/acc.cgi?acc=GSE209582
GSE174302,ESCA,230,2022/07/12,Cancer specific microbiome revealed by cell-free RNA reads in patients' plasma,https://www.ncbi.nlm.nih.gov/geo/query/acc.cgi?acc=GSE174302
GSE207635,ESCA,8,2022/07/10,Expression profiles of transfer RNA-derived small RNAs in esophageal cancer,https://www.ncbi.nlm.nih.gov/geo/query/acc.cgi?acc=GSE207635
GSE207527,ESCA,200,2022/07/05,RNA sequencing of endoscopic biopsies from patients with esophageal adenocarcinoma,https://www.ncbi.nlm.nih.gov/geo/query/acc.cgi?acc=GSE207527
GSE197514,ESCA,96,2022/06/01,RNA sequencing of tumor educated platelets reveals a three-gene diagnostic signature in esophageal squamous cell carcinoma,https://www.ncbi.nlm.nih.gov/geo/query/acc.cgi?acc=GSE197514
GSE153096,ESCA,9,2022/06/01,RNAseq of Oesophageal Adenocarcinoma Cell Lines,https://www.ncbi.nlm.nih.gov/geo/query/acc.cgi?acc=GSE153096
GSE173666,ESCA,8,2022/05/01,RNA-seq data of esophageal cancer cell Kyse510 after inhibition or silencing of LSD1 and G9a,https://www.ncbi.nlm.nih.gov/geo/query/acc.cgi?acc=GSE173666
GSE199654,ESCA,47,2022/04/01,Computational identification of preneoplastic cells displaying high stemness and risk of cancer progression,https://www.ncbi.nlm.nih.gov/geo/query/acc.cgi?acc=GSE199654
GSE171167,ESCA,8,2022/03/25,RNA-Seq on Eca109 and KYSE450 cell lines with DMSO and Elaiophylin treatment,https://www.ncbi.nlm.nih.gov/geo/query/acc.cgi?acc=GSE171167
GSE198569,ESCA,10,2022/03/17,"RNA-sequencing analysis of the KYSE150 cells overexpressing caspase-8 mutants (M4, M6, M10, M13) or wild-type caspase-8",https://www.ncbi.nlm.nih.gov/geo/query/acc.cgi?acc=GSE198569
GSE188955,ESCA,20,2022/03/16,The confused cell identity is associated with aggressiveness in esophageal squamous cell carcinoma,https://www.ncbi.nlm.nih.gov/geo/query/acc.cgi?acc=GSE188955
GSE188900,ESCA,8,2022/03/16,The confused cell identity is associated with aggressiveness in esophageal squamous cell carcinoma [scRNA-Seq],https://www.ncbi.nlm.nih.gov/geo/query/acc.cgi?acc=GSE188900
GSE128035,ESCA,6,2022/03/07,Long noncoding RNA LSINCT5 is up-regulated and related to  progression in esophageal squamous cell carcinoma,https://www.ncbi.nlm.nih.gov/geo/query/acc.cgi?acc=GSE128035
GSE197624,ESCA,6,2022/03/05,FSCN1 promotes esophageal carcinoma progression through downregulating PTK6 via its RNA-binding protein effect,https://www.ncbi.nlm.nih.gov/geo/query/acc.cgi?acc=GSE197624
GSE182710,ESCA,9,2022/03/02,RNA sequencing analysis in ESCC cells with Drp1 overexpression or TFAM deficiency,https://www.ncbi.nlm.nih.gov/geo/query/acc.cgi?acc=GSE182710
GSE169590,ESCA,34,2022/02/16,N7-methylguanosine tRNA modification promotes esophageal squamous cell carcinoma tumorigenesis via the RPTOR/ULK1/autophagy axis,https://www.ncbi.nlm.nih.gov/geo/query/acc.cgi?acc=GSE169590
GSE126304,ESCA,92,2022/02/06,Comprehensive molecular classification for adenocarcinoma of gastroesophageal junction between esophageal and gastric adenocarcinomas,https://www.ncbi.nlm.nih.gov/geo/query/acc.cgi?acc=GSE126304
GSE194277,ESCA,12,2022/01/29,Modulation of the tumor promoting functions of cancer associated fibroblasts by phosphodiesterase type 5 inhibition increases the efficacy o,https://www.ncbi.nlm.nih.gov/geo/query/acc.cgi?acc=GSE194277
GSE194116,ESCA,12,2022/01/23,Prognostic value of SPODD1 in esophageal squamous cell carcinoma: a comprehensive study based on bioinformatics and validation,https://www.ncbi.nlm.nih.gov/geo/query/acc.cgi?acc=GSE194116
GSE148005,ESCA,32,2021/12/31,Acetyl-lysine Reader CECR2 Drives Breast Cancer Metastasis by Coordinating Macrophage Polarization and Immune Suppression,https://www.ncbi.nlm.nih.gov/geo/query/acc.cgi?acc=GSE148005
GSE147995,ESCA,26,2021/12/31,Acetyl-lysine Reader CECR2 Drives Breast Cancer Metastasis by Coordinating Macrophage Polarization and Immune Suppression [metastasis],https://www.ncbi.nlm.nih.gov/geo/query/acc.cgi?acc=GSE147995
GSE189830,ESCA,12,2021/12/01,"Differential expression of mRNA, lncRNA and circRNA in esophageal squamous cell carcinoma by genome-wide sequencing",https://www.ncbi.nlm.nih.gov/geo/query/acc.cgi?acc=GSE189830
GSE156788,ESCA,74,2021/10/29,Increased ACTL6A Occupancy Within mSWI/SNF Chromatin Remodelers Drives Human Squamous Cell Carcinoma,https://www.ncbi.nlm.nih.gov/geo/query/acc.cgi?acc=GSE156788
GSE156785,ESCA,16,2021/10/29,Altered BAF53A (ACTL6A) Stoichiometry Drives Human Squamous Cell Carcinoma [RNA-seq],https://www.ncbi.nlm.nih.gov/geo/query/acc.cgi?acc=GSE156785
GSE121788,ESCA,4,2021/10/23,"Omeprazole regulates miRNA, mRNA and lncRNA networks revealed by RNA deep-sequencing  in Barrett's Esophagus",https://www.ncbi.nlm.nih.gov/geo/query/acc.cgi?acc=GSE121788
GSE88805,ESCA,109,2021/09/17,RNA binding proteins in cancer spliceome,https://www.ncbi.nlm.nih.gov/geo/query/acc.cgi?acc=GSE88805
GSE179267,ESCA,6,2021/09/15,METTL3 mediated m6A mRNA modification promotes esophageal cancer initiation and progression via Notch signaling pathway,https://www.ncbi.nlm.nih.gov/geo/query/acc.cgi?acc=GSE179267
GSE87410,ESCA,100,2021/09/15,50 pairs of transcriptomes from 50 patients covering 9 types of cancer,https://www.ncbi.nlm.nih.gov/geo/query/acc.cgi?acc=GSE87410
GSE142863,ESCA,14,2021/09/14,Activation of bivalent factor DLX5 cooperates with master regulator TP63 to promote squamous cell carcinoma,https://www.ncbi.nlm.nih.gov/geo/query/acc.cgi?acc=GSE142863
GSE142862,ESCA,3,2021/09/14,Activation of bivalent factor DLX5 cooperates with master regulator TP63 to promote squamous cell carcinoma [RNA-Seq],https://www.ncbi.nlm.nih.gov/geo/query/acc.cgi?acc=GSE142862
GSE183924,ESCA,37,2021/09/12,A Phase II Trial of Adjuvant Durvalumab following Trimodality Therapy for Locally Advanced Esophageal and Gastroesophageal Junction Adenocar,https://www.ncbi.nlm.nih.gov/geo/query/acc.cgi?acc=GSE183924
GSE156257,ESCA,4,2021/08/11,CEBPG promotes esophageal squamous cell carcinoma progression by enhancing PI3K-AKT signaling,https://www.ncbi.nlm.nih.gov/geo/query/acc.cgi?acc=GSE156257
GSE178265,ESCA,101,2021/06/16,A molecular census of midbrain dopaminergic neurons in Parkinsons disease,https://www.ncbi.nlm.nih.gov/geo/query/acc.cgi?acc=GSE178265
GSE131493,ESCA,35,2021/05/19,Distal regulation mediated Core Transcriptional Regulatory Circuitry in Esophageal Squamous Cell Carcinoma,https://www.ncbi.nlm.nih.gov/geo/query/acc.cgi?acc=GSE131493
GSE131492,ESCA,3,2021/05/19,Distal regulation mediated Core Transcriptional Regulatory Circuitry in Esophageal Squamous Cell Carcinoma [RNA-seq],https://www.ncbi.nlm.nih.gov/geo/query/acc.cgi?acc=GSE131492
GSE173950,ESCA,79,2021/05/06,Single Cell RNA sequencing (DropSeq) of esophageal adenocarcinoma and matched normal samples,https://www.ncbi.nlm.nih.gov/geo/query/acc.cgi?acc=GSE173950
GSE173475,ESCA,12,2021/04/29,Pan-cancer analysis of IFI6 and its tumor promotor effects in esophageal squamous cell carcinoma,https://www.ncbi.nlm.nih.gov/geo/query/acc.cgi?acc=GSE173475
GSE173169,ESCA,8,2021/04/24,HOXA13 in etiology and oncogenic potential of Barrett’s esophagus [EPC2],https://www.ncbi.nlm.nih.gov/geo/query/acc.cgi?acc=GSE173169
GSE173166,ESCA,6,2021/04/24,HOXA13 in etiology and oncogenic potential of Barrett’s esophagus [BAR-T],https://www.ncbi.nlm.nih.gov/geo/query/acc.cgi?acc=GSE173166
GSE138734,ESCA,921,2021/04/15,The RNA Atlas expands the catalog of human non-coding RNAs,https://www.ncbi.nlm.nih.gov/geo/query/acc.cgi?acc=GSE138734
GSE113268,ESCA,33,2021/04/13,SLC36A1-mTORC1 signaling drives acquired resistance to CDK4/6 inhibitors,https://www.ncbi.nlm.nih.gov/geo/query/acc.cgi?acc=GSE113268
GSE167367,ESCA,86,2021/03/17,"SOX2 Reprograms the Esophageal Squamous Carcinoma Epigenome and Induces Endogenous Retroviral Elements and dsRNA, Thereby Promoting ADAR1 De",https://www.ncbi.nlm.nih.gov/geo/query/acc.cgi?acc=GSE167367
GSE167365,ESCA,30,2021/03/17,"SOX2 Reprograms the Esophageal Squamous Carcinoma Epigenome and Induces Endogenous Retroviral Elements and dsRNA, Thereby Promoting ADAR1 De",https://www.ncbi.nlm.nih.gov/geo/query/acc.cgi?acc=GSE167365
GSE155187,ESCA,38,2021/03/05,Bromodomain testis-specific protein BRDT directs ΔNp63 function and super enhancer activity in a distinct subset of esophageal squamous cell,https://www.ncbi.nlm.nih.gov/geo/query/acc.cgi?acc=GSE155187
GSE155186,ESCA,26,2021/03/05,Bromodomain testis-specific protein BRDT directs ΔNp63 function and super enhancer activity in a distinct subset of esophageal squamous cell,https://www.ncbi.nlm.nih.gov/geo/query/acc.cgi?acc=GSE155186
GSE154555,ESCA,4,2021/03/05,MeRIP-sequencing in ESCC cells,https://www.ncbi.nlm.nih.gov/geo/query/acc.cgi?acc=GSE154555
GSE167488,ESCA,12,2021/02/25,Transcriptomics based multi-dimensional characterization and drug screen in esophageal squamous cell carcinoma,https://www.ncbi.nlm.nih.gov/geo/query/acc.cgi?acc=GSE167488
GSE167345,ESCA,6,2021/02/24,lncRNA profiles enable prognosis prediction and subtyping for esophageal squamous cell carcinoma,https://www.ncbi.nlm.nih.gov/geo/query/acc.cgi?acc=GSE167345
GSE165252,ESCA,77,2021/02/04,RNA sequencing of the phase II PERFECT trial combining a PD-L1 inhibitor (atezolizumab) with neoadjuvant chemoradiotherapy in resectable eso,https://www.ncbi.nlm.nih.gov/geo/query/acc.cgi?acc=GSE165252
GSE164158,ESCA,16,2021/01/17,The clinical significance and potential molecular mechanism of PTTG1 in esophageal squamous cell carcinoma,https://www.ncbi.nlm.nih.gov/geo/query/acc.cgi?acc=GSE164158
GSE112926,ESCA,51,2020/12/31,"microRNA 125a Regulates MHC-I Expression on Esophageal Adenocarcinoma Cells, Associated With Suppression of Anti-tumor Immune Response and P",https://www.ncbi.nlm.nih.gov/geo/query/acc.cgi?acc=GSE112926
GSE162946,ESCA,53,2020/12/10,Stereotactic body radiotherapy is effective in modifying the tumor genome and tumor immune microenvironment in non-small cell lung cancer or,https://www.ncbi.nlm.nih.gov/geo/query/acc.cgi?acc=GSE162946
GSE162737,ESCA,12,2020/12/07,TUT4 affected genes and lncRNA  in human  esophageal carcinoma cell and cervical cancer cell,https://www.ncbi.nlm.nih.gov/geo/query/acc.cgi?acc=GSE162737
GSE158506,ESCA,62,2020/12/04,"Fat1 deletion promotes hybrid EMT state with enhanced tumor progression, stemness, and metastasis",https://www.ncbi.nlm.nih.gov/geo/query/acc.cgi?acc=GSE158506
GSE159721,ESCA,246,2020/11/09,Genomic and transcriptomic alterations associated with drug vulnerabilities and prognosis in adenocarcinoma at the gastroesophageal junction,https://www.ncbi.nlm.nih.gov/geo/query/acc.cgi?acc=GSE159721
GSE160269,ESCA,128,2020/10/29,Dissecting esophageal squamous-cell carcinoma ecosystem by single-cell transcriptomic analysis,https://www.ncbi.nlm.nih.gov/geo/query/acc.cgi?acc=GSE160269
GSE142556,ESCA,30,2020/10/21,The oncogenomic function of androgen receptor in esophageal squamous cell carcinoma is directed by GATA3,https://www.ncbi.nlm.nih.gov/geo/query/acc.cgi?acc=GSE142556
GSE145370,ESCA,28,2020/10/19,Immune suppressive landscape in a human esophageal squamous cell carcinoma microenvironment,https://www.ncbi.nlm.nih.gov/geo/query/acc.cgi?acc=GSE145370
GSE159220,ESCA,6,2020/10/09,Search for a novel diagnostic marker for liver cancer.,https://www.ncbi.nlm.nih.gov/geo/query/acc.cgi?acc=GSE159220
GSE135510,ESCA,6,2020/08/01,Gene expression analysis following depletion of LOXL2 in esophgeal cancer cells,https://www.ncbi.nlm.nih.gov/geo/query/acc.cgi?acc=GSE135510
GSE103111,ESCA,4,2020/08/01,Gene Expression Profiling Provides Insights into the Moleculor Mechanism of FGFR2+ Fibrocyte-to-Cancer Associated Fibroblast Differentiation,https://www.ncbi.nlm.nih.gov/geo/query/acc.cgi?acc=GSE103111
GSE155360,ESCA,20,2020/07/30,Analysis of serum exosomal miRNAs associated with lymph node metastasis in esophageal squamous cell carcinoma,https://www.ncbi.nlm.nih.gov/geo/query/acc.cgi?acc=GSE155360
GSE154450,ESCA,6,2020/07/16,RNAseq analysis of EC109 cells transfected by lncRPL34-AS1 plasmid and scramble pcDNA,https://www.ncbi.nlm.nih.gov/geo/query/acc.cgi?acc=GSE154450
GSE144318,ESCA,6,2020/06/23,Discovery of DAP3-binding RNA sites by eCLIP,https://www.ncbi.nlm.nih.gov/geo/query/acc.cgi?acc=GSE144318
GSE123020,ESCA,6,2020/06/23,Suppression of adenosine-to-inosine (A-to-I) RNA editome by death associated protein 3 (DAP3) promotes cancer progression,https://www.ncbi.nlm.nih.gov/geo/query/acc.cgi?acc=GSE123020
GSE143803,ESCA,13,2020/06/15,SREBF1 coordinates with master transcription factors in regulating lipid metabolism and cancer-promoting pathways in squamous cell carcinoma,https://www.ncbi.nlm.nih.gov/geo/query/acc.cgi?acc=GSE143803
GSE132813,ESCA,8,2020/06/14,Lineage-Specific Epigenomic and Genomic Activation of Oncogene HNF4A Promotes Gastrointestinal Adenocarcinomas,https://www.ncbi.nlm.nih.gov/geo/query/acc.cgi?acc=GSE132813
GSE143195,ESCA,6,2020/06/06,"A Transcriptional Regulatory Loop of Master Regulator Transcription Factors, PPARG, and Fatty Acid Synthesis Promotes Esophageal Adenocarcin",https://www.ncbi.nlm.nih.gov/geo/query/acc.cgi?acc=GSE143195
GSE124514,ESCA,10,2020/06/01,Interferon-regulated lncRNA analysis identifies IRF1-AS as a tumor suppressor in esophageal squamous cell carcinoma (ESCC),https://www.ncbi.nlm.nih.gov/geo/query/acc.cgi?acc=GSE124514
GSE149612,ESCA,55,2020/04/30,Multi-omics analysis reveals divergent epigenetic regulation of gene expression and drivers of esophageal squamous cell carcinoma,https://www.ncbi.nlm.nih.gov/geo/query/acc.cgi?acc=GSE149612
GSE149609,ESCA,35,2020/04/30,Multi-omics analysis reveals divergent epigenetic regulation of gene expression and drivers of esophageal squamous cell carcinoma (RNA-Seq),https://www.ncbi.nlm.nih.gov/geo/query/acc.cgi?acc=GSE149609
GSE134376,ESCA,3,2020/04/24,Next-Generation Sequencing Facilitates Quantitative Analysis of Wild Type and DAZAP1 Knockout of ESCC Transcriptomes,https://www.ncbi.nlm.nih.gov/geo/query/acc.cgi?acc=GSE134376
GSE128914,ESCA,6,2020/04/10,RNA-Seq of LEF1 overexpression ECA109 cells,https://www.ncbi.nlm.nih.gov/geo/query/acc.cgi?acc=GSE128914
GSE143462,ESCA,6,2020/01/11,Omipalisib Inhibits Esophageal Cancer Growth through PI3K/AKT/mTOR Signalling Pathway Disruption,https://www.ncbi.nlm.nih.gov/geo/query/acc.cgi?acc=GSE143462
GSE131658,ESCA,8,2019/12/22,Cis- and trans-regulation of alternative splicing by Adenosine Deaminase Acting on the double-stranded RNA (ADAR) proteins,https://www.ncbi.nlm.nih.gov/geo/query/acc.cgi?acc=GSE131658
GSE130078,ESCA,46,2019/10/28,A Novel LincRNA HERES Epigenetically Regulates Wnt Signaling Pathway via Interaction with EZH2 in Esophageal Squamous Cell Carcinoma,https://www.ncbi.nlm.nih.gov/geo/query/acc.cgi?acc=GSE130078
GSE87665,ESCA,6,2019/09/26,Next generation sequencing facilitates transcriptome analyses of mock and NCCRP1 transfected esophageal squamous cell carcinoma cell line KY,https://www.ncbi.nlm.nih.gov/geo/query/acc.cgi?acc=GSE87665
GSE87664,ESCA,2,2019/09/26,Next generation sequencing facilitates transcriptome analyses of mock and RHCG transfected esophageal squamous cell carcinoma cell line KYSE,https://www.ncbi.nlm.nih.gov/geo/query/acc.cgi?acc=GSE87664
GSE119436,ESCA,8,2019/09/03,Interaction between oncogenic FREM2 with IL-1β signaling contributes to esophageal squamous cell carcinoma progression,https://www.ncbi.nlm.nih.gov/geo/query/acc.cgi?acc=GSE119436
GSE133568,ESCA,6,2019/08/23,Genome wide transcriptome analysis of palbociclib or GSK3326595 treated A375 cells [Palbociclib_GSK_RNASeq],https://www.ncbi.nlm.nih.gov/geo/query/acc.cgi?acc=GSE133568
GSE133567,ESCA,12,2019/08/23,Gene expression alterations associated with acquired-resistance to the CDK4/6 inhibitor palbociclib [Palbociclib resistance_RNASeq],https://www.ncbi.nlm.nih.gov/geo/query/acc.cgi?acc=GSE133567
GSE120101,ESCA,105,2019/08/06,"T-cell receptor repertoire analysis of advanced solid tumors in first-in-human phase 1 study of IT1208, a defucosylated humanized anti-CD4 d",https://www.ncbi.nlm.nih.gov/geo/query/acc.cgi?acc=GSE120101
GSE120028,ESCA,19,2019/08/06,"Transcriptomic analysis of advanced solid tumors in first-in-human phase 1 study of IT1208, a defucosylated humanized anti-CD4 depleting ant",https://www.ncbi.nlm.nih.gov/geo/query/acc.cgi?acc=GSE120028
GSE128913,ESCA,6,2019/05/09,RNA-Seq of PRMT1 overexpression ECA109 cells,https://www.ncbi.nlm.nih.gov/geo/query/acc.cgi?acc=GSE128913
GSE84273,ESCA,16,2019/03/18,Identification of Functional Lung Adenocarcinoma Susceptibility Loci through Positional Integration with Human Alveolar Cell Epigenomes,https://www.ncbi.nlm.nih.gov/geo/query/acc.cgi?acc=GSE84273
GSE111011,ESCA,14,2019/02/23,Integrative analysis of mRNA and lncRNA profiles identified pathogenetic  lncRNAs  in esophageal squamous cell carcinoma,https://www.ncbi.nlm.nih.gov/geo/query/acc.cgi?acc=GSE111011
GSE121976,ESCA,12,2019/02/22,HOXC6 affects the malignant phenotype of esophageal squamous cell carcinoma cells,https://www.ncbi.nlm.nih.gov/geo/query/acc.cgi?acc=GSE121976
GSE94545,ESCA,9,2019/02/01,Epigenetic repression via DNA methylation and trimethylation of H3K27 alters gene expression in esophageal adenocarcinoma,https://www.ncbi.nlm.nih.gov/geo/query/acc.cgi?acc=GSE94545
GSE94544,ESCA,3,2019/02/01,Epigenetic repression via DNA methylation and trimethylation of H3K27 alters gene expression in esophageal adenocarcinoma [RNA-Seq],https://www.ncbi.nlm.nih.gov/geo/query/acc.cgi?acc=GSE94544
GSE118532,ESCA,6,2019/01/11,Genome wide expression change by RNF168 knocking down in NEC cells,https://www.ncbi.nlm.nih.gov/geo/query/acc.cgi?acc=GSE118532
GSE121995,ESCA,6,2018/12/12,H1609088 Human RNA-Sequencing,https://www.ncbi.nlm.nih.gov/geo/query/acc.cgi?acc=GSE121995
GSE104926,ESCA,18,2018/09/27,RNA-seq of exosomes identifies lncRNA profiles that distinguish early-stage esophageal squamous cell carcinoma (ESCC) from non-malignant eso,https://www.ncbi.nlm.nih.gov/geo/query/acc.cgi?acc=GSE104926
GSE106565,ESCA,17,2018/09/17,"Super-enhancer-driven CCAT1 is co-activated by SOX2 and TP63 and promotes squamous cancer from esophagus, head and neck and lung",https://www.ncbi.nlm.nih.gov/geo/query/acc.cgi?acc=GSE106565
GSE106564,ESCA,7,2018/09/17,"Super-enhancer-driven CCAT1 is co-activated by SOX2 and TP63 and promotes squamous cancer from esophagus, head and neck and lung [RNA-seq]",https://www.ncbi.nlm.nih.gov/geo/query/acc.cgi?acc=GSE106564
GSE112886,ESCA,18,2018/07/01,Generation of esophageal organoids from human pluripotent stem cells and their use to study human development,https://www.ncbi.nlm.nih.gov/geo/query/acc.cgi?acc=GSE112886
GSE101743,ESCA,8,2018/07/01,LncRNA NMR knockdown and overexpression in esophageal squamous cell carcinoma cell lines,https://www.ncbi.nlm.nih.gov/geo/query/acc.cgi?acc=GSE101743
GSE113779,ESCA,6,2018/04/28,Expression and methylation profiling of esophageal NEC,https://www.ncbi.nlm.nih.gov/geo/query/acc.cgi?acc=GSE113779
GSE113777,ESCA,2,2018/04/28,Analysis of a case of esophageal NEC at transcriptome level,https://www.ncbi.nlm.nih.gov/geo/query/acc.cgi?acc=GSE113777
GSE112083,ESCA,2,2018/03/21,RNA-Seq of fibrosarcoma with ESCC case,https://www.ncbi.nlm.nih.gov/geo/query/acc.cgi?acc=GSE112083
GSE71412,ESCA,4,2018/02/13,Integrated analysis of methylome and transcriptome of Esophageal Squamous Cell Carcinoma by using Next Generation Sequencing,https://www.ncbi.nlm.nih.gov/geo/query/acc.cgi?acc=GSE71412
GSE71411,ESCA,2,2018/02/13,Transcriptome Analysis of Esophageal Squamous Cell Carcinoma by using Next Generation Sequencing,https://www.ncbi.nlm.nih.gov/geo/query/acc.cgi?acc=GSE71411
GSE88978,ESCA,56,2017/10/05,Genomic alterations activating KLF5,https://www.ncbi.nlm.nih.gov/geo/query/acc.cgi?acc=GSE88978
GSE81812,ESCA,314,2017/06/01,Next generation sequencing of esophageal squamous cell carcinoma (ESCC) cell line KYSE-180 single cell transcriptomes for radio-resistance a,https://www.ncbi.nlm.nih.gov/geo/query/acc.cgi?acc=GSE81812
GSE94869,ESCA,80,2017/02/15,RNA sequencing of Esophageal adenocarcinomas,https://www.ncbi.nlm.nih.gov/geo/query/acc.cgi?acc=GSE94869
GSE93352,ESCA,9,2017/01/11,Gene expression profile of T-DM1 resistant and parental cell lines,https://www.ncbi.nlm.nih.gov/geo/query/acc.cgi?acc=GSE93352
GSE88802,ESCA,4,2016/10/18,Novel metastatic models of human esophageal adenocarcinoma highlight the importance of E-cadherin in cancer metastasis,https://www.ncbi.nlm.nih.gov/geo/query/acc.cgi?acc=GSE88802
GSE86014,ESCA,2,2016/08/25,ZNF750 is a lineage-specific tumor suppressor in squamous cell carcinoma [UMSCC1],https://www.ncbi.nlm.nih.gov/geo/query/acc.cgi?acc=GSE86014
GSE76861,ESCA,16,2016/05/01,Targetting super enhancer associated oncogenes in esophageal squamous cell carcinoma,https://www.ncbi.nlm.nih.gov/geo/query/acc.cgi?acc=GSE76861
GSE76860,ESCA,12,2016/05/01,Targetting super enhancer associated oncogenes in esophageal squamous cell carcinoma [RNA-seq],https://www.ncbi.nlm.nih.gov/geo/query/acc.cgi?acc=GSE76860
GSE62909,ESCA,6,2015/11/09,SOX15 governs a transcriptional program in human esophageal stratified epithelium and in a subset of esophageal adenocarcinomas,https://www.ncbi.nlm.nih.gov/geo/query/acc.cgi?acc=GSE62909
GSE66729,ESCA,376,2015/05/28,The Landscape of Antisense Gene Expression in Human Cancer,https://www.ncbi.nlm.nih.gov/geo/query/acc.cgi?acc=GSE66729
GSE66728,ESCA,353,2015/05/28,The Landscape of Antisense Gene Expression in Human Cancers [II],https://www.ncbi.nlm.nih.gov/geo/query/acc.cgi?acc=GSE66728
GSE61515,ESCA,9,2015/04/12,AXL mediates resistance to PI3Kα inhibition by activating the EGFR/PKC/mTOR axis in head and neck and esophageal squamous cell carcinomas.,https://www.ncbi.nlm.nih.gov/geo/query/acc.cgi?acc=GSE61515
GSE47058,ESCA,6,2014/05/13,Differential gene expression by suppression of either SOX2 or TP63 in KYSE70 human esophageal squamous carcinoma cell line.,https://www.ncbi.nlm.nih.gov/geo/query/acc.cgi?acc=GSE47058
GSE48240,ESCA,3,2013/10/21,Long Noncoding RNA HNF1A-AS1 Regulates Proliferation and Migration in Esophageal Adenocarcinoma  Cells,https://www.ncbi.nlm.nih.gov/geo/query/acc.cgi?acc=GSE48240
GSE32424,ESCA,12,2012/12/05,Identification of a Novel Angiogenesis and Tumor Suppressor Gene   Rab25 in Esophageal Squamous Cell Carcinoma,https://www.ncbi.nlm.nih.gov/geo/query/acc.cgi?acc=GSE32424
GSE29968,ESCA,6,2012/06/01,RNA Sequencing Analysis Generates Comprehensive Transcriptomic Landscape and Identifies PTK6 as a Novel Tumor Suppressor Gene in Esophageal ,https://www.ncbi.nlm.nih.gov/geo/query/acc.cgi?acc=GSE29968
