accession,cancer,n,veredicto,declara,revision,file,sibling_norm,dp,med,mx,pct_zero,pct_whole,title
GSE179443,LIHC,137,NO recuperable,tissue,automatica,GSE179443_Raw_gene_counts.txt.gz,False,18,0.916535492039606,12.0963297255653,30.875912408759124,30.875912408759124,Molecular and radiopathologic spectrum between HCC and intra
GSE133979,PAAD,68,NO recuperable,tissue,automatica,GSE133979_Rectus_Abdominis_Muscle_variance_stabilized_counts.txt.gz,False,9,6.2280613295,13.35266206,0.0,0.0,The muscle and adipose transcriptome data from patients with
GSE308020,COAD,66,NO recuperable,tissue,manual,GSE308020_readcount_All_samples.txt.gz,False,10,10.943231,5887.546224,36.41414141414141,36.41414141414141,Integrative multi-omics deciphers the potential mechanism an
GSE260598,STAD,48,NO recuperable,unstated,automatica,GSE260598_allData_ReadCounts.txt.gz,False,9,1.430461012,167.5968853,0.0,0.0,Anti-tumor activity of a novelLAIR1antagonist in combination
GSE210351,PAAD,41,NO recuperable,tissue,automatica,GSE210351_vsdCounts_BC.csv.gz,False,14,7.76503656867403,15.2467310948839,0.0,0.0,Molecular heterogeneity and commonalities in pancreatic canc
GSE317207,LIHC,33,NO recuperable,tissue,automatica,GSE317207_HCC_bulk_RNAseq_gene_counts.txt.gz,False,15,6.527584309329935,13.218214975115,22.52525252525253,22.52525252525253,Transcriptomic profiling of human hepatocellular carcinoma b
GSE241466,LIHC,25,NO recuperable,tissue,automatica,GSE241466_Raw_data.txt.gz,False,26,1.72774696894098,3.47347474903546,51.4,51.4,Transcriptomic profiling of the intermediate cell carcinoma 
GSE168852,LIHC,17,NO recuperable,tissue,automatica,GSE168852_rawCountsHCC.csv.gz,False,6,3.26325,81.1392,82.45098039215686,86.96078431372548,RNA-seq analysis of HCC and hepatocytes
GSE278405,COAD,16,NO recuperable,unstated,automatica,GSE278405_All-counts.txt.gz,False,2,1.84,267.55,11.822916666666666,12.291666666666666,Phenotypic plasticity and increased tissue infiltration of T
GSE222078,ESCA,10,NO recuperable,tissue,automatica,GSE222078_counts.csv.gz,False,15,0.993789501044804,3.98578658227523,98.5383787661406,98.57261640798228,The single cell transcriptional landscape of esophageal aden
GSE99897,COAD,10,NO recuperable,tissue,automatica,GSE99897_expected_counts_RC_data.csv.gz,False,2,10.755,154.53,0.3333333333333333,1.5,Comparison of rectal patient data separated by their event o
GSE261999,CHOL,8,NO recuperable,tissue,automatica,GSE261999_raw_counts.tsv.gz,False,14,1.0,73.6493547128049,84.42266335814723,92.49131513647644,Treatment of cholangiocarcinoma using humanized monoclonal a
GSE210199,PAAD,3,NO recuperable,tissue,automatica,GSE210199_counts.csv.gz,False,15,0.993060046052714,123.869469630553,95.67501821092296,95.68378643308722,Tissue-resident memory T-cells in pancreatic ductal adenocar
GSE173671,LIHC,2,NO recuperable,tissue,automatica,GSE173671_gene_counts_matrix.tsv.gz,False,2,1.0,15.03,92.53255208333331,99.89583333333331,A human liver cell-based system modeling a clinical prognost
GSE316796,PAAD,2,NO recuperable,tissue,automatica,GSE316796_CorrectedCountsMatrix.csv.gz,False,16,0.496677377812557,7.17779645961972,86.58391111395494,86.58391111395494,Spatial analysis of IPMNs defines a paradoxical KRT17-positi
GSE143584,PAAD,401,RECUPERABLE,tissue,manual,GSE143584_CUMC_PDAC_Interactome_Counts.tab.gz,False,16,44.06783056975428,25054.020900662945,28.453865336658357,28.453865336658357,Gene expression from laser capture microdissected epithelium
GSE205154,PAAD,289,RECUPERABLE,tissue,automatica,GSE205154_Gene_Level_Counts_Estimates.txt.gz,True,10,1073.683825,161050.972,0.4430124848973016,9.93038375237328,Bulk RNA-Seq gene expression data for 289 primary and metast
GSE276114,LIHC,177,RECUPERABLE,tissue,automatica,GSE276114_raw.count.txt.gz,False,9,464.0894,590836.3483,8.841807909604519,14.246704331450092,Integrative proteo-transcriptomic characterization of advanc
GSE146889,COAD,176,RECUPERABLE,tissue,manual,GSE146889_GeneCount.tsv.gz,False,19,2.0,819837.0,62.91079812206573,81.87793427230046,RNA-seq Reveals Differences in Expressed Tumor Mutation Burd
GSE319878,COAD,171,RECUPERABLE,tissue,automatica,GSE319878_countsNDI.csv.gz,False,2,604.0,33299.0,3.216374269005848,94.83430799220272,Interrogating the mechanistic link between neighborhood depr
GSE310957,PAAD,129,RECUPERABLE,tissue,automatica,GSE310957_PDAC_DeCAF_BulkRNAseq_count.csv.gz,False,3,255.068,93838.755,12.338501291989663,51.40826873385013,DeCAF redefines fibroblast states uncovering multidimensiona
GSE183984,COAD,113,RECUPERABLE,tissue,automatica,GSE183984_ASAN_RNASEQ_raw_counts_ensg.csv.gz,True,2,1068.165,139261.83,0.9144542772861356,71.00294985250737,"Longitudinal clinico-genomic data generation, drugable targe"
GSE330465,COAD,104,RECUPERABLE,tissue,automatica,GSE330465_count.dat.txt.gz,False,2,260.5,126766.0,22.307692307692307,93.06089743589745,Gene expression profiling of neoadjuvant ABFOLFOX treatment 
GSE208732,PAAD,102,RECUPERABLE,tissue,manual,GSE208732_RAW.read.counts.txt.gz,False,9,29.57942696,229558707.0,24.93808049535604,50.61919504643963,Mapping functional to morphological variation reveals the ba
GSE174478,LIHC,94,RECUPERABLE,tissue,automatica,GSE174478_raw_gene_counts_matrix.txt.gz,False,2,419.0,117526.23,3.900709219858156,87.83687943262412,Whole transcriptome profiling of Japanese  nonalcoholic fatt
GSE197613,PAAD,91,RECUPERABLE,unstated,automatica,GSE197613_JEM_counts_combined_TIIC-RNA-seq.txt.gz,True,16,229.9502657,1728189.411,33.17457409782011,33.17457409782011,Multi-omics analyses of changes in the tumor microenvironmen
GSE198697,COAD,72,RECUPERABLE,tissue,automatica,GSE198697_rsem_gene_counts.tsv.gz,False,2,102.105,37124.0,5.902777777777778,50.03472222222222,Patient-derived organoid fibroblast co-cultures closely mimi
GSE244826,LIHC,69,RECUPERABLE,tissue,automatica,GSE244826_raw_counts.txt.gz,True,8,638.0,128899.58,1.9832189168573608,65.44622425629291,Multi-omics analysis of liver molecular dysregulation leadin
GSE254660,ESCA,68,RECUPERABLE,tissue,manual,GSE254660_matrix-counts-mpgd_RM.txt.gz,True,9,36.0,12191973.0,15.362731152204836,95.82740635372214,Tumor-intrinsic signatures of esophageal adenocarcinoma asso
GSE146009,COAD,65,RECUPERABLE,tissue,automatica,GSE146009_AfricanAmericanSamples_DS_Gene_counts.txt.gz,True,9,119.0,21817.1,7.5,63.56060606060606,Immune-Related Gene Expression and Cytokine Secretion is Red
GSE314812,STAD,55,RECUPERABLE,tissue,automatica,GSE314812_rsem.merged.gene_counts.tsv.gz,False,2,491.0,54002.19,2.333333333333333,93.48484848484848,Divergent clonal evolution and tumor microenvironment remode
GSE162960,COAD,54,RECUPERABLE,tissue,automatica,GSE162960_RSEM_counts.csv.gz,False,2,1164.405,121433.22,0.8024691358024691,52.71604938271605,High-Throughput Profiling of Colorectal Cancer Liver Metasta
GSE277386,PAAD,44,RECUPERABLE,tissue,automatica,GSE277386_raw_counts.txt.gz,False,19,188.8043746548252,65686.9206808869,18.03030303030303,18.03030303030303,Presurgical ablative radiation downstages high-risk features
GSE243584,PAAD,42,RECUPERABLE,tissue,automatica,GSE243584_LMD_Perineurial.Invasion_RAW.read.counts.txt.gz,False,9,63.878214355,229558707.0,23.35664335664336,54.68531468531469,Mapping functional to morphological variation reveals the ba
GSE135631,LIHC,30,RECUPERABLE,tissue,manual,GSE135631_Read_Counts_Matrix_Gene_Level.txt.gz,True,6,5.86742,1014.84,41.388888888888886,69.27777777777777,RNA-Seq data of tumors and paired adjacent tissues from 15 H
GSE243188,COAD,28,RECUPERABLE,tissue,automatica,GSE243188_RSEM_counts.tsv.gz,False,2,1100.35,30784.7,1.011904761904762,54.22619047619048,Epithelial barrier function and its underlying mechanical re
GSE247129,PAAD,28,RECUPERABLE,tissue,automatica,GSE247129_pdos_baseline_rnaseq_counts.tsv.gz,False,2,659.0,38846.0,4.404761904761905,73.92857142857143,MYC ecDNA promotes intratumour heterogeneity and plasticity 
GSE199630,ESCA,28,RECUPERABLE,tissue,automatica,GSE199630_ESCC28-raw_reads.txt.gz,True,9,312.386,229558696.0,22.444444444444443,40.66666666666666,A novel gene expression signatures associated with the respo
GSE287348,LIHC,25,RECUPERABLE,tissue,automatica,GSE287348_raw.count.txt.gz,False,13,462.26504853,523656.7407,8.6,14.2,Cellular and Immune Landscape of Chronic Liver Diseases: Ins
GSE92945,COAD,21,RECUPERABLE,tissue,manual,GSE92945_Fibroblast_RNAseq_counts.csv.gz,False,9,3.7942955075,102087.0,60.66666666666666,80.33333333333333,Methylome and transcriptome sequencing to study epigenetic a
GSE164441,LIHC,20,RECUPERABLE,tissue,automatica,GSE164441_RNAseq_10Tvs10NT_cuffdiff_count.txt.gz,True,6,963.627,275460.0,2.4166666666666665,4.583333333333333,A selective HDAC8 inhibitor potentiates antitumor immunity a
GSE261186,LIHC,20,RECUPERABLE,unstated,automatica,GSE261186_raw_counts.txt.txt.gz,False,9,455.3683298,90663.08404,11.333333333333334,11.333333333333334,Serial Changes of Circulating Tumor Cells in Patients with H
GSE119968,COAD,20,RECUPERABLE,tissue,automatica,GSE119968_Pat_1_Genes_Count.txt.gz,True,6,4021.51,390000000.0,43.54166666666666,60.138888888888886,An optimised protocol harnessing laser capture microdissecti
GSE202853,LIHC,20,RECUPERABLE,tissue,automatica,GSE202853_allSample_RSEM_genes_ExpReadCount.txt.gz,True,2,337.83000000000004,201294.5,17.5,67.33333333333333,Transcriptome analysis of hepatocellular carcinoma and adjac
GSE255122,LIHC,13,RECUPERABLE,tissue,automatica,GSE255122_salmon.merged.gene_counts.tsv.gz,False,3,952.001,43112.001,9.35897435897436,58.333333333333336,Cancer-associated fibroblasts reveal aberrant DNA methylatio
GSE174237,STAD,12,RECUPERABLE,tissue,automatica,GSE174237_Raw_mRNA_counts_matrix.txt.gz,True,6,90.545741,32073.450339,7.270408163265306,15.433673469387756, Whole transcriptome sequencing of gastric cancer and its ad
GSE299799,COAD,12,RECUPERABLE,tissue,automatica,GSE299799_raw_counts.txt.gz,False,2,26919.18,3268921.0,0.1388888888888889,43.61111111111112,A deep learning framework for the reconstruction of gene exp
GSE288907,PAAD,10,RECUPERABLE,tissue,automatica,GSE288907_salmon.merged.gene_counts.tsv.gz,True,3,283.0,30238.0,23.484848484848484,92.57575757575758,Identifying genetic expression patterns as marker for sensit
GSE174519,COAD,10,RECUPERABLE,tissue,automatica,GSE174519_gene_reads_count.txt.gz,True,2,102.3,13505.0,19.654088050314467,97.48427672955977,Expression profiles for lymph node metastasis in I-III color
GSE348745,PAAD,9,RECUPERABLE,tissue,automatica,GSE348745_rawcounts.csv.gz,False,1,229.0,8253.5,46.851851851851855,77.77777777777777,Comparative Analysis of Primary and Liver Fibroblasts Reveal
GSE233421,LIHC,6,RECUPERABLE,tissue,automatica,GSE233421_3Samples_RSEM_genes_ExpReadCount.txt.gz,True,2,395.83,150320.21,17.22222222222222,68.61111111111111,Transcriptome analysis of hepatocellular carcinoma and adjac
GSE244968,COAD,6,RECUPERABLE,tissue,automatica,GSE244968_genes.readcount.xls.gz,False,4,897.5,13848.0,1.1111111111111112,89.16666666666667,Expression data from human colorectal cancer tissues and the
GSE285503,COAD,4,RECUPERABLE,tissue,automatica,GSE285503_Tumor19202426_counts.csv.gz,False,2,522.82,17101.0,2.9166666666666665,88.75,Fibroblast-Derived Thrombospondin 2 Shapes the Immune-Exclus
GSE140182,STAD,357,otro motivo (single-cell),tissue,manual,GSE140182_M1M2_processed_expected_count_matrix.txt.gz,True,2,24.0,4624.0,87.55787037037037,99.45601851851852,Single cell RNA sequencing of advanced gastric cancer
